experiment,fleet_size,simulated_duration_s,wall_clock_s,realtime_factor,device_steps_per_second,telemetry_throughput_msg_s,peak_rss_mb,mean_rss_mb,peak_cpu_percent,messages_generated,messages_delivered,message_delivery_ratio_pct,transport_latency_ms_mean,transport_latency_ms_max,twin_staleness_area_s,twin_offline_area_s,twin_staleness_p50_s,twin_staleness_p95_s,twin_staleness_max_s,mean_stale_twins,mean_offline_twins,resynchronisations,sync_delay_ms_mean,sync_delay_ms_p95,sync_delay_ms_p99,scenario,loss_probability,mean_outage_interval_s,seed
E3_network_impairment,200,3600.0,7.105900042020949,506.6212553949949,101324.25107899898,101324.25107899898,757.0625,430.27622767857144,99.9,720000,719800,99.97222222222223,17.086222397699583,91.51030251223347,0.0,200.0,0.9879754271080312,0.9879981408483729,0.9879999972149562,0.0,0.05555555555555555,0,17.08622239769963,25.770481477587705,32.5767113825691,loss,0.0,0.0,303
E3_network_impairment,200,3600.0,7.2929512500122655,493.62732268283645,98725.46453656729,98725.46453656729,1838.96875,1567.268833705357,99.8,720000,712663,98.98097222222222,17.09058345549893,91.51030251223347,0.0,203.0,1.9854277305470305,1.9878776682477692,2.9879608438740775,0.0,0.05638888888888889,0,17.090583455498436,25.804721910344597,32.577808375317545,loss,0.01,0.0,303
E3_network_impairment,200,3600.0,7.121153582993429,505.5360705318075,101107.2141063615,101107.2141063615,1938.234375,1934.1124441964287,99.9,720000,684046,95.00638888888889,17.09195917169971,91.51030251223347,0.0,214.0,1.9878555874702215,2.987635599805833,4.987735385686847,0.0,0.059444444444444446,0,17.091959171698868,25.806066423314178,32.605551019651124,loss,0.05,0.0,303
E3_network_impairment,200,3600.0,7.072123707999708,509.04086928341223,101808.17385668245,101808.17385668245,1876.71875,1718.2071707589287,99.9,720000,647915,89.98819444444445,17.088813092408564,91.51030251223347,0.0,220.0,2.985891273805464,3.986727741274194,5.987646467926879,0.0,0.06111111111111111,0,17.088813092408184,25.782144437948773,32.58905875286017,loss,0.1,0.0,303
E3_network_impairment,200,3600.0,7.075811374990735,508.7755748724596,101755.11497449192,101755.11497449192,1757.859375,1726.0120298672566,99.8,720000,575987,79.99819444444445,17.08204566143093,84.08464824196926,0.0,250.0,3.9859559840723477,5.980695343965044,8.980593960514398,0.0,0.06944444444444445,0,17.082045661430346,25.75975042178697,32.57011432185436,loss,0.2,0.0,303
E3_network_impairment,200,3600.0,6.739267082972219,534.182716855954,106836.5433711908,106836.5433711908,1912.125,1869.935267857143,99.9,720000,504368,70.05111111111111,17.081476160959188,84.08464824196926,0.0,274.0,4.986438139376332,6.98679232863401,9.985323254512423,0.0,0.07611111111111112,0,17.08147616095889,25.753080112428957,32.539466910072875,loss,0.3,0.0,303
E3_network_impairment,200,3600.0,7.039539082994452,511.3971181290247,102279.42362580495,102279.42362580495,1889.859375,1863.0619419642858,99.9,720000,719800,99.97222222222223,17.081045991164245,92.13058586374245,0.0,200.0,0.9879762036666193,0.9879983624310966,0.9879999946260796,0.0,0.05555555555555555,0,17.08104599116452,25.788752455014215,32.46718768024949,outage,0.0,0.0,313
E3_network_impairment,200,3600.0,8.608777249988634,418.17785446879265,83635.57089375853,83635.57089375853,1855.171875,1126.0618379237287,99.8,720000,719059,99.86930555555556,3646.566697037377,188013.01843604416,18237.0,20121.0,141.98051368667345,171.98264396403542,188.98598510617876,5.065833333333333,5.589166666666666,40899,3646.5666970374145,14013.657488250441,109014.12047171418,outage,0.0,1800.0,313
E3_network_impairment,200,3600.0,8.323663874994963,432.50184703093606,86500.36940618721,86500.36940618721,1548.90625,938.9896282327586,99.9,720000,718714,99.82138888888889,6423.966583299876,183016.37223133503,32635.0,35001.0,150.98786686953616,174.98330195499662,183.98523837755647,9.065277777777778,9.7225,72598,6423.966583299916,57017.07353435439,128013.16286865399,outage,0.0,900.0,313
E3_network_impairment,200,3600.0,8.123867500020424,443.1386897916478,88627.73795832956,88627.73795832956,1422.296875,1057.5919524336284,99.8,720000,716866,99.56472222222222,15665.606271951041,188018.98269436084,82623.0,85042.0,160.9808939885354,176.98538500262066,188.98390753446958,22.950833333333332,23.622777777777777,180413,15665.606271951443,102015.51797779501,146014.6692779308,outage,0.0,300.0,313
E3_network_impairment,200,3600.0,7.923485375009477,454.34550953477265,90869.10190695453,90869.10190695453,1908.578125,1900.8868582589287,99.9,720000,715172,99.32944444444445,28470.615952334836,299014.287252518,148441.0,152798.0,166.98288915655291,178.98538514933222,186.98107052201476,41.23361111111111,42.443888888888885,324942,28470.615952335284,123017.4064870257,156025.85661521865,outage,0.0,120.0,313
