fault,family,n_samples,mean_abs_cohens_d,mean_auc,min_auc,detail
abnormal_cooling,thermal,45099,0.7282,0.451,0.1328,"{""nozzle_temperature_c"": -1.35, ""bed_temperature_c"": -0.154, ""chamber_temperature_c"": 0.248, ""power_w"": 1.154, ""print_speed_mm_s"": -0.063, ""material_used_g"": -0.439, ""health_score"": -1.689}"
bed_heater_failure,thermal,58941,1.1473,0.4228,0.1008,"{""nozzle_temperature_c"": -0.055, ""bed_temperature_c"": -1.528, ""chamber_temperature_c"": -0.525, ""power_w"": 3.676, ""print_speed_mm_s"": -0.214, ""material_used_g"": -0.273, ""health_score"": -1.761}"
extrusion_blockage,extrusion,54696,0.459,0.4228,0.1836,"{""nozzle_temperature_c"": -0.174, ""bed_temperature_c"": -0.147, ""chamber_temperature_c"": -0.174, ""power_w"": 0.433, ""print_speed_mm_s"": -0.242, ""material_used_g"": -0.551, ""health_score"": -1.492}"
motor_overheating,mechanical,50587,0.7725,0.4643,0.203,"{""nozzle_temperature_c"": -0.13, ""bed_temperature_c"": -0.256, ""chamber_temperature_c"": -0.331, ""power_w"": 1.803, ""print_speed_mm_s"": -0.438, ""material_used_g"": -0.722, ""health_score"": -1.728}"
nozzle_heater_failure,thermal,44207,0.6808,0.4283,0.1345,"{""nozzle_temperature_c"": -1.473, ""bed_temperature_c"": -0.247, ""chamber_temperature_c"": -0.079, ""power_w"": 0.998, ""print_speed_mm_s"": 0.14, ""material_used_g"": -0.285, ""health_score"": -1.543}"
nozzle_thermal_drift,thermal,47213,0.4478,0.448,0.2133,"{""nozzle_temperature_c"": 0.328, ""bed_temperature_c"": -0.205, ""chamber_temperature_c"": -0.199, ""power_w"": 0.455, ""print_speed_mm_s"": -0.092, ""material_used_g"": -0.405, ""health_score"": -1.451}"
power_anomaly,electrical,44926,0.591,0.4938,0.1648,"{""nozzle_temperature_c"": -0.196, ""bed_temperature_c"": -0.241, ""chamber_temperature_c"": -0.129, ""power_w"": 1.652, ""print_speed_mm_s"": -0.26, ""material_used_g"": -0.261, ""health_score"": -1.398}"
sensor_drift_nozzle,observational,68701,0.516,0.5024,0.2183,"{""nozzle_temperature_c"": 0.631, ""bed_temperature_c"": -0.232, ""chamber_temperature_c"": -0.09, ""power_w"": 0.551, ""print_speed_mm_s"": -0.134, ""material_used_g"": -0.45, ""health_score"": -1.524}"
sensor_noise,observational,48584,0.4683,0.4528,0.1985,"{""nozzle_temperature_c"": -0.164, ""bed_temperature_c"": -0.06, ""chamber_temperature_c"": -0.187, ""power_w"": 0.542, ""print_speed_mm_s"": -0.151, ""material_used_g"": -0.321, ""health_score"": -1.854}"
temperature_instability,thermal,60025,0.4823,0.4426,0.1456,"{""nozzle_temperature_c"": -0.184, ""bed_temperature_c"": -0.207, ""chamber_temperature_c"": -0.188, ""power_w"": 0.531, ""print_speed_mm_s"": -0.05, ""material_used_g"": -0.361, ""health_score"": -1.855}"
