key,type,method,doi,doi_status,title_match,claimed_year,crossref_year,url,verified
aznar2026dtm,article,crossref-doi,10.1016/j.future.2025.107997,doi-ok,True,2026,2026,,True
barricelli2019dt,article,crossref-doi,10.1109/access.2019.2953499,doi-ok,True,2019,2019,,True
baumers2017jiec,article,crossref-doi,10.1111/jiec.12668,doi-ok,True,2017,2017,,True
blazquez2021lof,article,crossref-doi,10.1145/3444690,doi-ok,True,2021,2021,,True
breunig2000lof,inproceedings,crossref-doi,10.1145/342009.335388,doi-ok,True,2000,2000,,True
cho2010opcua,inproceedings,crossref-doi,10.1109/ETFA.2010.5641184,doi-ok,True,2010,2010,,True
cunha2023dosmqtt,article,crossref-doi,10.1016/j.comnet.2023.109809,doi-ok,True,2023,2023,,True
darban2024deep,article,crossref-doi,10.1145/3691338,doi-ok,True,2024,2024,,True
fibremul2020,article,crossref-doi,10.1007/s00170-019-04713-y,doi-ok,True,2020,2020,,True
florez2021coapmqtt,article,crossref-doi,10.1016/j.comnet.2021.108338,doi-ok,True,2021,2021,,True
fuller2020dt,article,crossref-doi,10.1109/access.2020.2998358,doi-ok,True,2020,2020,,True
grieves2014dt,misc,publisher-url,,no-doi,False,2014,2020,https://www.3ds.com/fileadmin/PRODUCTS-SERVICES/DELMIA/PDF/Whitepaper/DELMIA-APRISO-Digital-Twin-Whitepaper.pdf,True
grieves2016dt,incollection,crossref-doi,10.1007/978-3-319-38756-7_4,doi-ok,True,2016,2016,,True
henson2021dt,article,crossref-doi,10.1016/j.promfg.2021.06.039,doi-ok,True,2021,2021,,True
infante2025opentwins,article,crossref-doi,10.1016/j.aei.2024.102970,doi-ok,True,2025,2025,,True
isermann2005fault,article,crossref-doi,10.1016/j.arcontrol.2004.12.002,doi-ok,True,2005,2005,,True
iso23247,misc,publisher-url,,no-doi,True,2021,,https://www.iso.org/standard/75066.html,True
iso30173,misc,publisher-url,,no-doi,False,2023,2020,https://www.iso.org/standard/81442.html,True
jyeniskhan2024amdt,article,crossref-doi,10.1016/j.ijlmm.2024.06.004,doi-ok,True,2024,2024,,True
kaltenerstaleh2020dtiot,article,crossref-doi,10.3390/app10186519,doi-ok,True,2020,2020,,True
kaul2012aoi,inproceedings,crossref-doi,10.1109/INFCOM.2012.6195689,doi-ok,True,2012,2012,,True
kumar2024dtfactory,article,crossref-doi,10.3390/machines12110759,doi-ok,True,2024,2024,,True
larsen2024recast,incollection,crossref-doi,10.1007/978-3-031-74482-2_19,doi-ok,True,2024,2024,,True
lei2024mqttsec,article,crossref-doi,10.1109/COMST.2024.3372630,doi-ok,True,2024,2024,,True
liu2008iforest,inproceedings,crossref-doi,10.1109/ICDM.2008.17,doi-ok,True,2008,2008,,True
liu2023dtms,article,crossref-doi,10.1007/s10845-023-02172-7,doi-ok,True,2023,2023,,True
martins2021mqttperf,article,crossref-doi,10.3390/app11114879,doi-ok,True,2021,2021,,True
mqtt311oasis,misc,publisher-url,,no-doi,False,2014,2024,http://docs.oasis-open.org/mqtt/mqtt/v3.1.1/os/mqtt-v3.1.1-os.html,True
mqtt5oasis,misc,publisher-url,,no-doi,False,2019,2024,https://docs.oasis-open.org/mqtt/mqtt/v5.0/os/mqtt-v5.0-os.html,True
mtdn2024,inproceedings,crossref-doi,10.1145/3726122.3726269,doi-ok,True,2024,2024,,True
pantelidakis2022dt,article,crossref-doi,10.1007/s00170-022-09164-6,doi-ok,True,2022,2022,,True
rahmandad2012repro,article,crossref-doi,10.1002/sdr.1481,doi-ok,True,2012,2012,,True
robles2023opentwins,article,crossref-doi,10.1016/j.compind.2023.104007,doi-ok,True,2023,2023,,True
scholkopf2001ocsvm,article,crossref-doi,10.1162/089976601750264965,doi-ok,True,2001,2001,,True
schwede2024sbdm,inproceedings,crossref-doi,10.1109/WSC63780.2024.10838729,doi-ok,True,2024,2024,,True
shafique2022pubsub,inproceedings,crossref-doi,10.1145/3567445.3571107,doi-ok,True,2022,2022,,True
slemda2021sladta,incollection,crossref-doi,10.1007/978-3-030-69373-2_7,doi-ok,True,2021,2021,,True
synthpdm2026,article,crossref-doi,10.1007/s10845-026-02795-6,doi-ok,True,2026,2026,,True
szydlowski2021dataset,incollection,crossref-doi,10.1007/978-3-030-77970-2_50,doi-ok,True,2021,2021,,True
tan2023sync,article,crossref-doi,10.1080/24725854.2023.2253869,doi-ok,True,2023,2023,,True
tao2017fivelayer,article,crossref-doi,10.1007/s00170-017-0233-1,doi-ok,True,2017,2017,,True
tao2019dtii,article,crossref-doi,10.1109/TII.2018.2873186,doi-ok,True,2019,2019,,True
tonelli2020mqtt,article,crossref-doi,10.1109/ACCESS.2020.3035849,doi-ok,True,2020,2020,,True
tonelli2021brokers,article,crossref-doi,10.3390/en14185817,doi-ok,True,2021,2021,,True
uhlenkamp2022maturity,article,crossref-doi,10.1109/access.2022.3186353,doi-ok,True,2022,2022,,True
walsh2002ncs,article,crossref-doi,10.1109/87.998034,doi-ok,True,2002,2002,,True
wippermann2020jcp,article,crossref-doi,10.1016/j.jclepro.2019.119731,doi-ok,True,2020,2020,,True
yates2021aoi,article,crossref-doi,10.1109/JSAC.2021.3065072,doi-ok,True,2021,2021,,True
zhang2001ncs,article,crossref-doi,10.1109/37.898794,doi-ok,True,2001,2001,,True
